Workbook

Sheet Distributor Data
A1: ID | B1: Distributor Name | C1: City | D1: State | E1: Monthly Capacity (units) | F1: Customer Rating (1-5) | G1: Gross Margin (%) | H1: Years Active | I1: EV Focus (%) | J1: Service Network (cities) | K1: Financial Stability (1-5)
A2: 1 | B2: AutoEdge Solutions | C2: Delhi | D2: Delhi | E2: 1200 | F2: 4.5 | G2: 18 | H2: 8 | I2: 75 | J2: 12 | K2: 4.5
A3: 2 | B3: Green Mobility Hub | C3: Bangalore | D3: Karnataka | E3: 950 | F3: 4.8 | G3: 22 | H3: 5 | I3: 90 | J3: 8 | K3: 4.8
A4: 3 | B4: TechDrive Motors | C4: Mumbai | D4: Maharashtra | E4: 1500 | F4: 4.2 | G4: 16 | H4: 12 | I4: 60 | J4: 15 | K4: 4.2
A5: 4 | B5: EcoWheels India | C5: Pune | D5: Maharashtra | E5: 800 | F5: 4.6 | G5: 20 | H5: 6 | I5: 85 | J5: 6 | K5: 4.6
A6: 5 | B6: Sunrise Auto | C6: Chennai | D6: Tamil Nadu | E6: 1100 | F6: 4 | G6: 15 | H6: 10 | I6: 55 | J6: 11 | K6: 4
A7: 6 | B7: Velocity Distributors | C7: Hyderabad | D7: Telangana | E7: 900 | F7: 4.3 | G7: 19 | H7: 7 | I7: 70 | J7: 9 | K7: 4.3
A8: 7 | B8: Pioneer EV Hub | C8: Ahmedabad | D8: Gujarat | E8: 1300 | F8: 4.1 | G8: 17 | H8: 11 | I8: 65 | J8: 13 | K8: 4.1
A9: 8 | B9: NextGen Motors | C9: Kolkata | D9: West Bengal | E9: 700 | F9: 4.4 | G9: 21 | H9: 4 | I9: 80 | J9: 7 | K9: 4.4
A10: 9 | B10: RajAuto Network | C10: Jaipur | D10: Rajasthan | E10: 600 | F10: 3.9 | G10: 14 | H10: 9 | I10: 50 | J10: 6 | K10: 3.9
A11: 10 | B11: North Star Vehicles | C11: Chandigarh | D11: Punjab | E11: 500 | F11: 4.7 | G11: 23 | H11: 3 | I11: 88 | J11: 5 | K11: 4.7
A12: 11 | B12: Coimbatore Mobility | C12: Coimbatore | D12: Tamil Nadu | E12: 750 | F12: 4.2 | G12: 18 | H12: 6 | I12: 72 | J12: 7 | K12: 4.2
A13: 12 | B13: Lucknow Auto Hub | C13: Lucknow | D13: Uttar Pradesh | E13: 650 | F13: 3.8 | G13: 13 | H13: 8 | I13: 45 | J13: 6 | K13: 3.8
... A26: 25 | B26: Thiruvananthapuram Auto | C26: Thiruvananthapuram | D26: Kerala | E26: 590 | F26: 4.4 | G26: 21 | H26: 5 | I26: 79 | J26: 5 | K26: 4.4
A27: INSTRUCTIONS: Add or edit distributor rows 2-26. Paste new CSV data here. All Dashboard scores & rankings update automatically.

Sheet Strategy Config
A1: EV Distributor Engine — Strategy Configuration
A3: STEP 1 — SELECT STRATEGY
A4: Active Strategy: | B4: Balanced | C4: ← Click to choose from dropdown
A6: STEP 2 — SET CRITERION WEIGHTS (must total 100) | Blue cells are yours to edit
A7: Criterion | B7: Balanced | C7: Growth- Focused | D7: Cost- Optimized | E7: Quality- First | F7: YOUR WEIGHT →
A8: Monthly Capacity | B8: 15 | C8: 25 | D8: 15 | E8: 10 | F8: 15
A9: Customer Rating | B9: 15 | C9: 10 | D9: 15 | E9: 25 | F9: 15
A10: Gross Margin | B10: 15 | C10: 10 | D10: 25 | E10: 15 | F10: 15
A11: Years Active | B11: 15 | C11: 5 | D11: 15 | E11: 15 | F11: 15
A12: EV Focus % | B12: 15 | C12: 25 | D12: 10 | E12: 15 | F12: 15
A13: Service Network | B13: 15 | C13: 20 | D13: 10 | E13: 10 | F13: 15
A14: Financial Stability | B14: 10 | C14: 5 | D14: 10 | E14: 10 | F14: 10
A15: TOTAL | B15: 100 | C15: 100 | D15: 100 | E15: 100 | F15: =SUM(F8:F14) -> 100
A16: Weights must total exactly 100. Cell turns GREEN when correct, RED if not.
A18: STEP 3 — SET MINIMUM FILTERS (distributors below these thresholds are marked FAIL)
A19: Min Monthly Capacity (units) | B19: 500 | C19: ← Edit this value
A20: Min Customer Rating (1–5) | B20: 4 | C20: ← Edit this value
A21: Min EV Focus (%) | B21: 60 | C21: ← Edit this value
A23: All yellow cells are user inputs. Changes here instantly update rankings & charts on the Dashboard.

Sheet Dashboard
A1: EV DISTRIBUTOR SCORING DASHBOARD
A2: Edit distributor data or strategy weights — scores, rankings and chart update automatically
A4: LIVE SUMMARY
A5: Total Distributors Evaluated | E5: Shortlisted (PASS filters) | I5: Active Strategy
A6: =COUNTA('Distributor Data'!B2:B26) -> 25 | E6: =COUNTIF(M10:M34,"PASS") -> 16 | I6: ='Strategy Config'!B4 -> Balanced
A8: SCORING ENGINE — All scores update live when you edit 'Distributor Data' or 'Strategy Config'
A9: Rank | B9: Distributor Name | C9: City | D9: State | E9: Composite Score (/100) | F9: Capacity Score | G9: Rating Score | H9: Margin Score | I9: Yrs Active Score | J9: EV Focus Score | K9: Network Score | L9: Stability Score | M9: Status
A10: =IF(M10="PASS",COUNTIFS($M$10:$M$34,"PASS",$E$10:$E$34,">"&E10)+1,"-") -> 3 | B10: ='Distributor Data'!B2 -> AutoEdge Solutions | C10: ='Distributor Data'!C2 -> Delhi | D10: ='Distributor Data'!D2 -> Delhi | E10: =IFERROR(F10*'Strategy Config'!$F$8/100+G10*'Strategy Config'!$F$9/100+H10*'Strategy Config'!$F$10/100+I10*'Strategy Config'!$F$11/100+J10*'Strategy Config'!$F$12/100+K10*'Strategy Config'!$F$13/100+L10*'Strategy Config'!$F$14/100,0) -> 67.774991 | F10: =IFERROR(('Distributor Data'!E2-MIN('Distributor Data'!$E$2:$E$26))/(MAX('Distributor Data'!$E$2:$E$26)-MIN('Distributor Data'!$E$2:$E$26))*100,50) -> 73.913043 | G10: =IFERROR(('Distributor Data'!F2-MIN('Distributor Data'!$F$2:$F$26))/(MAX('Distributor Data'!$F$2:$F$26)-MIN('Distributor Data'!$F$2:$F$26))*100,50) -> 75 | H10: =IFERROR(('Distributor Data'!G2-MIN('Distributor Data'!$G$2:$G$26))/(MAX('Distributor Data'!$G$2:$G$26)-MIN('Distributor Data'!$G$2:$G$26))*100,50) -> 53.846154 | I10: =IFERROR(('Distributor Data'!H2-MIN('Distributor Data'!$H$2:$H$26))/(MAX('Distributor Data'!$H$2:$H$26)-MIN('Distributor Data'!$H$2:$H$26))*100,50) -> 55.555556 | J10: =IFERROR(('Distributor Data'!I2-MIN('Distributor Data'!$I$2:$I$26))/(MAX('Distributor Data'!$I$2:$I$26)-MIN('Distributor Data'!$I$2:$I$26))*100,50) -> 68.518519 | K10: =IFERROR(('Distributor Data'!J2-MIN('Distributor Data'!$J$2:$J$26))/(MAX('Distributor Data'!$J$2:$J$26)-MIN('Distributor Data'!$J$2:$J$26))*100,50) -> 75 | L10: =IFERROR(('Distributor Data'!K2-MIN('Distributor Data'!$K$2:$K$26))/(MAX('Distributor Data'!$K$2:$K$26)-MIN('Distributor Data'!$K$2:$K$26))*100,50) -> 75 | M10: =IF(AND('Distributor Data'!E2>='Strategy Config'!$B$19,'Distributor Data'!F2>='Strategy Config'!$B$20,'Distributor Data'!I2>='Strategy Config'!$B$21),"PASS","FAIL") -> PASS
A11: =IF(M11="PASS",COUNTIFS($M$10:$M$34,"PASS",$E$10:$E$34,">"&E11)+1,"-") -> 1 | B11: ='Distributor Data'!B3 -> Green Mobility Hub | C11: ='Distributor Data'!C3 -> Bangalore | D11: ='Distributor Data'!D3 -> Karnataka | E11: =IFERROR(F11*'Strategy Config'!$F$8/100+G11*'Strategy Config'!$F$9/100+H11*'Strategy Config'!$F$10/100+I11*'Strategy Config'!$F$11/100+J11*'Strategy Config'!$F$12/100+K11*'Strategy Config'!$F$13/100+L11*'Strategy Config'!$F$14/100,0) -> 69.546172 | F11: =IFERROR(('Distributor Data'!E3-MIN('Distributor Data'!$E$2:$E$26))/(MAX('Distributor Data'!$E$2:$E$26)-MIN('Distributor Data'!$E$2:$E$26))*100,50) -> 52.173913 | G11: =IFERROR(('Distributor Data'!F3-MIN('Distributor Data'!$F$2:$F$26))/(MAX('Distributor Data'!$F$2:$F$26)-MIN('Distributor Data'!$F$2:$F$26))*100,50) -> 100 | H11: =IFERROR(('Distributor Data'!G3-MIN('Distributor Data'!$G$2:$G$26))/(MAX('Distributor Data'!$G$2:$G$26)-MIN('Distributor Data'!$G$2:$G$26))*100,50) -> 84.615385 | I11: =IFERROR(('Distributor Data'!H3-MIN('Distributor Data'!$H$2:$H$26))/(MAX('Distributor Data'!$H$2:$H$26)-MIN('Distributor Data'!$H$2:$H$26))*100,50) -> 22.222222 | J11: =IFERROR(('Distributor Data'!I3-MIN('Distributor Data'!$I$2:$I$26))/(MAX('Distributor Data'!$I$2:$I$26)-MIN('Distributor Data'!$I$2:$I$26))*100,50) -> 96.296296 | K11: =IFERROR(('Distributor Data'!J3-MIN('Distributor Data'!$J$2:$J$26))/(MAX('Distributor Data'!$J$2:$J$26)-MIN('Distributor Data'!$J$2:$J$26))*100,50) -> 41.666667 | L11: =IFERROR(('Distributor Data'!K3-MIN('Distributor Data'!$K$2:$K$26))/(MAX('Distributor Data'!$K$2:$K$26)-MIN('Distributor Data'!$K$2:$K$26))*100,50) -> 100 | M11: =IF(AND('Distributor Data'!E3>='Strategy Config'!$B$19,'Distributor Data'!F3>='Strategy Config'!$B$20,'Distributor Data'!I3>='Strategy Config'!$B$21),"PASS","FAIL") -> PASS
A12: =IF(M12="PASS",COUNTIFS($M$10:$M$34,"PASS",$E$10:$E$34,">"&E12)+1,"-") -> 2 | B12: ='Distributor Data'!B4 -> TechDrive Motors | C12: ='Distributor Data'!C4 -> Mumbai | D12: ='Distributor Data'!D4 -> Maharashtra | E12: =IFERROR(F12*'Strategy Config'!$F$8/100+G12*'Strategy Config'!$F$9/100+H12*'Strategy Config'!$F$10/100+I12*'Strategy Config'!$F$11/100+J12*'Strategy Config'!$F$12/100+K12*'Strategy Config'!$F$13/100+L12*'Strategy Config'!$F$14/100,0) -> 69.380342 | F12: =IFERROR(('Distributor Data'!E4-MIN('Distributor Data'!$E$2:$E$26))/(MAX('Distributor Data'!$E$2:$E$26)-MIN('Distributor Data'!$E$2:$E$26))*100,50) -> 100 | G12: =IFERROR(('Distributor Data'!F4-MIN('Distributor Data'!$F$2:$F$26))/(MAX('Distributor Data'!$F$2:$F$26)-MIN('Distributor Data'!$F$2:$F$26))*100,50) -> 50 | H12: =IFERROR(('Distributor Data'!G4-MIN('Distributor Data'!$G$2:$G$26))/(MAX('Distributor Data'!$G$2:$G$26)-MIN('Distributor Data'!$G$2:$G$26))*100,50) -> 38.461538 | I12: =IFERROR(('Distributor Data'!H4-MIN('Distributor Data'!$H$2:$H$26))/(MAX('Distributor Data'!$H$2:$H$26)-MIN('Distributor Data'!$H$2:$H$26))*100,50) -> 100 | J12: =IFERROR(('Distributor Data'!I4-MIN('Distributor Data'!$I$2:$I$26))/(MAX('Distributor Data'!$I$2:$I$26)-MIN('Distributor Data'!$I$2:$I$26))*100,50) -> 40.740741 | K12: =IFERROR(('Distributor Data'!J4-MIN('Distributor Data'!$J$2:$J$26))/(MAX('Distributor Data'!$J$2:$J$26)-MIN('Distributor Data'!$J$2:$J$26))*100,50) -> 100 | L12: =IFERROR(('Distributor Data'!K4-MIN('Distributor Data'!$K$2:$K$26))/(MAX('Distributor Data'!$K$2:$K$26)-MIN('Distributor Data'!$K$2:$K$26))*100,50) -> 50 | M12: =IF(AND('Distributor Data'!E4>='Strategy Config'!$B$19,'Distributor Data'!F4>='Strategy Config'!$B$20,'Distributor Data'!I4>='Strategy Config'!$B$21),"PASS","FAIL") -> PASS
A13: =IF(M13="PASS",COUNTIFS($M$10:$M$34,"PASS",$E$10:$E$34,">"&E13)+1,"-") -> 6 | B13: ='Distributor Data'!B5 -> EcoWheels India | C13: ='Distributor Data'!C5 -> Pune | D13: ='Distributor Data'!D5 -> Maharashtra | E13: =IFERROR(F13*'Strategy Config'!$F$8/100+G13*'Strategy Config'!$F$9/100+H13*'Strategy Config'!$F$10/100+I13*'Strategy Config'!$F$11/100+J13*'Strategy Config'!$F$12/100+K13*'Strategy Config'!$F$13/100+L13*'Strategy Config'!$F$14/100,0) -> 58.893069 | F13: =IFERROR(('Distributor Data'!E5-MIN('Distributor Data'!$E$2:$E$26))/(MAX('Distributor Data'!$E$2:$E$26)-MIN('Distributor Data'!$E$2:$E$26))*100,50) -> 39.130435 | G13: =IFERROR(('Distributor Data'!F5-MIN('Distributor Data'!$F$2:$F$26))/(MAX('Distributor Data'!$F$2:$F$26)-MIN('Distributor Data'!$F$2:$F$26))*100,50) -> 83.333333 | H13: =IFERROR(('Distributor Data'!G5-MIN('Distributor Data'!$G$2:$G$26))/(MAX('Distributor Data'!$G$2:$G$26)-MIN('Distributor Data'!$G$2:$G$26))*100,50) -> 69.230769 | I13: =IFERROR(('Distributor Data'!H5-MIN('Distributor Data'!$H$2:$H$26))/(MAX('Distributor Data'!$H$2:$H$26)-MIN('Distributor Data'!$H$2:$H$26))*100,50) -> 33.333333 | J13: =IFERROR(('Distributor Data'!I5-MIN('Distributor Data'!$I$2:$I$26))/(MAX('Distributor Data'!$I$2:$I$26)-MIN('Distributor Data'!$I$2:$I$26))*100,50) -> 87.037037 | K13: =IFERROR(('Distributor Data'!J5-MIN('Distributor Data'!$J$2:$J$26))/(MAX('Distributor Data'!$J$2:$J$26)-MIN('Distributor Data'!$J$2:$J$26))*100,50) -> 25 | L13: =IFERROR(('Distributor Data'!K5-MIN('Distributor Data'!$K$2:$K$26))/(MAX('Distributor Data'!$K$2:$K$26)-MIN('Distributor Data'!$K$2:$K$26))*100,50) -> 83.333333 | M13: =IF(AND('Distributor Data'!E5>='Strategy Config'!$B$19,'Distributor Data'!F5>='Strategy Config'!$B$20,'Distributor Data'!I5>='Strategy Config'!$B$21),"PASS","FAIL") -> PASS
A14: =IF(M14="PASS",COUNTIFS($M$10:$M$34,"PASS",$E$10:$E$34,">"&E14)+1,"-") -> - | B14: ='Distributor Data'!B6 -> Sunrise Auto | C14: ='Distributor Data'!C6 -> Chennai | D14: ='Distributor Data'!D6 -> Tamil Nadu | E14: =IFERROR(F14*'Strategy Config'!$F$8/100+G14*'Strategy Config'!$F$9/100+H14*'Strategy Config'!$F$10/100+I14*'Strategy Config'!$F$11/100+J14*'Strategy Config'!$F$12/100+K14*'Strategy Config'!$F$13/100+L14*'Strategy Config'!$F$14/100,0) -> 49.120216 | F14: =IFERROR(('Distributor Data'!E6-MIN('Distributor Data'!$E$2:$E$26))/(MAX('Distributor Data'!$E$2:$E$26)-MIN('Distributor Data'!$E$2:$E$26))*100,50) -> 65.217391 | G14: =IFERROR(('Distributor Data'!F6-MIN('Distributor Data'!$F$2:$F$26))/(MAX('Distributor Data'!$F$2:$F$26)-MIN('Distributor Data'!$F$2:$F$26))*100,50) -> 33.333333 | H14: =IFERROR(('Distributor Data'!G6-MIN('Distributor Data'!$G$2:$G$26))/(MAX('Distributor Data'!$G$2:$G$26)-MIN('Distributor Data'!$G$2:$G$26))*100,50) -> 30.769231 | I14: =IFERROR(('Distributor Data'!H6-MIN('Distributor Data'!$H$2:$H$26))/(MAX('Distributor Data'!$H$2:$H$26)-MIN('Distributor Data'!$H$2:$H$26))*100,50) -> 77.777778 | J14: =IFERROR(('Distributor Data'!I6-MIN('Distributor Data'!$I$2:$I$26))/(MAX('Distributor Data'!$I$2:$I$26)-MIN('Distributor Data'!$I$2:$I$26))*100,50) -> 31.481481 | K14: =IFERROR(('Distributor Data'!J6-MIN('Distributor Data'!$J$2:$J$26))/(MAX('Distributor Data'!$J$2:$J$26)-MIN('Distributor Data'!$J$2:$J$26))*100,50) -> 66.666667 | L14: =IFERROR(('Distributor Data'!K6-MIN('Distributor Data'!$K$2:$K$26))/(MAX('Distributor Data'!$K$2:$K$26)-MIN('Distributor Data'!$K$2:$K$26))*100,50) -> 33.333333 | M14: =IF(AND('Distributor Data'!E6>='Strategy Config'!$B$19,'Distributor Data'!F6>='Strategy Config'!$B$20,'Distributor Data'!I6>='Strategy Config'!$B$21),"PASS","FAIL") -> FAIL
A15: =IF(M15="PASS",COUNTIFS($M$10:$M$34,"PASS",$E$10:$E$34,">"&E15)+1,"-") -> 9 | B15: ='Distributor Data'!B7 -> Velocity Distributors | C15: ='Distributor Data'!C7 -> Hyderabad | D15: ='Distributor Data'!D7 -> Telangana | E15: =IFERROR(F15*'Strategy Config'!$F$8/100+G15*'Strategy Config'!$F$9/100+H15*'Strategy Config'!$F$10/100+I15*'Strategy Config'!$F$11/100+J15*'Strategy Config'!$F$12/100+K15*'Strategy Config'!$F$13/100+L15*'Strategy Config'!$F$14/100,0) -> 54.043571 | F15: =IFERROR(('Distributor Data'!E7-MIN('Distributor Data'!$E$2:$E$26))/(MAX('Distributor Data'!$E$2:$E$26)-MIN('Distributor Data'!$E$2:$E$26))*100,50) -> 47.826087 | G15: =IFERROR(('Distributor Data'!F7-MIN('Distributor Data'!$F$2:$F$26))/(MAX('Distributor Data'!$F$2:$F$26)-MIN('Distributor Data'!$F$2:$F$26))*100,50) -> 58.333333 | H15: =IFERROR(('Distributor Data'!G7-MIN('Distributor Data'!$G$2:$G$26))/(MAX('Distributor Data'!$G$2:$G$26)-MIN('Distributor Data'!$G$2:$G$26))*100,50) -> 61.538462 | I15: =IFERROR(('Distributor Data'!H7-MIN('Distributor Data'!$H$2:$H$26))/(MAX('Distributor Data'!$H$2:$H$26)-MIN('Distributor Data'!$H$2:$H$26))*100,50) -> 44.444444 | J15: =IFERROR(('Distributor Data'!I7-MIN('Distributor Data'!$I$2:$I$26))/(MAX('Distributor Data'!$I$2:$I$26)-MIN('Distributor Data'!$I$2:$I$26))*100,50) -> 59.259259 | K15: =IFERROR(('Distributor Data'!J7-MIN('Distributor Data'!$J$2:$J$26))/(MAX('Distributor Data'!$J$2:$J$26)-MIN('Distributor Data'!$J$2:$J$26))*100,50) -> 50 | L15: =IFERROR(('Distributor Data'!K7-MIN('Distributor Data'!$K$2:$K$26))/(MAX('Distributor Data'!$K$2:$K$26)-MIN('Distributor Data'!$K$2:$K$26))*100,50) -> 58.333333 | M15: =IF(AND('Distributor Data'!E7>='Strategy Config'!$B$19,'Distributor Data'!F7>='Strategy Config'!$B$20,'Distributor Data'!I7>='Strategy Config'!$B$21),"PASS","FAIL") -> PASS
A16: =IF(M16="PASS",COUNTIFS($M$10:$M$34,"PASS",$E$10:$E$34,">"&E16)+1,"-") -> 4 | B16: ='Distributor Data'!B8 -> Pioneer EV Hub | C16: ='Distributor Data'!C8 -> Ahmedabad | D16: ='Distributor Data'!D8 -> Gujarat | E16: =IFERROR(F16*'Strategy Config'!$F$8/100+G16*'Strategy Config'!$F$9/100+H16*'Strategy Config'!$F$10/100+I16*'Strategy Config'!$F$11/100+J16*'Strategy Config'!$F$12/100+K16*'Strategy Config'!$F$13/100+L16*'Strategy Config'!$F$14/100,0) -> 63.064381 | F16: =IFERROR(('Distributor Data'!E8-MIN('Distributor Data'!$E$2:$E$26))/(MAX('Distributor Data'!$E$2:$E$26)-MIN('Distributor Data'!$E$2:$E$26))*100,50) -> 82.608696 | G16: =IFERROR(('Distributor Data'!F8-MIN('Distributor Data'!$F$2:$F$26))/(MAX('Distributor Data'!$F$2:$F$26)-MIN('Distributor Data'!$F$2:$F$26))*100,50) -> 41.666667 | H16: =IFERROR(('Distributor Data'!G8-MIN('Distributor Data'!$G$2:$G$26))/(MAX('Distributor Data'!$G$2:$G$26)-MIN('Distributor Data'!$G$2:$G$26))*100,50) -> 46.153846 | I16: =IFERROR(('Distributor Data'!H8-MIN('Distributor Data'!$H$2:$H$26))/(MAX('Distributor Data'!$H$2:$H$26)-MIN('Distributor Data'!$H$2:$H$26))*100,50) -> 88.888889 | J16: =IFERROR(('Distributor Data'!I8-MIN('Distributor Data'!$I$2:$I$26))/(MAX('Distributor Data'!$I$2:$I$26)-MIN('Distributor Data'!$I$2:$I$26))*100,50) -> 50 | K16: =IFERROR(('Distributor Data'!J8-MIN('Distributor Data'!$J$2:$J$26))/(MAX('Distributor Data'!$J$2:$J$26)-MIN('Distributor Data'!$J$2:$J$26))*100,50) -> 83.333333 | L16: =IFERROR(('Distributor Data'!K8-MIN('Distributor Data'!$K$2:$K$26))/(MAX('Distributor Data'!$K$2:$K$26)-MIN('Distributor Data'!$K$2:$K$26))*100,50) -> 41.666667 | M16: =IF(AND('Distributor Data'!E8>='Strategy Config'!$B$19,'Distributor Data'!F8>='Strategy Config'!$B$20,'Distributor Data'!I8>='Strategy Config'!$B$21),"PASS","FAIL") -> PASS
A17: =IF(M17="PASS",COUNTIFS($M$10:$M$34,"PASS",$E$10:$E$34,">"&E17)+1,"-") -> 10 | B17: ='Distributor Data'!B9 -> NextGen Motors | C17: ='Distributor Data'!C9 -> Kolkata | D17: ='Distributor Data'!D9 -> West Bengal | E17: =IFERROR(F17*'Strategy Config'!$F$8/100+G17*'Strategy Config'!$F$9/100+H17*'Strategy Config'!$F$10/100+I17*'Strategy Config'!$F$11/100+J17*'Strategy Config'!$F$12/100+K17*'Strategy Config'!$F$13/100+L17*'Strategy Config'!$F$14/100,0) -> 51.103679 | F17: =IFERROR(('Distributor Data'!E9-MIN('Distributor Data'!$E$2:$E$26))/(MAX('Distributor Data'!$E$2:$E$26)-MIN('Distributor Data'!$E$2:$E$26))*100,50) -> 30.434783 | G17: =IFERROR(('Distributor Data'!F9-MIN('Distributor Data'!$F$2:$F$26))/(MAX('Distributor Data'!$F$2:$F$26)-MIN('Distributor Data'!$F$2:$F$26))*100,50) -> 66.666667 | H17: =IFERROR(('Distributor Data'!G9-MIN('Distributor Data'!$G$2:$G$26))/(MAX('Distributor Data'!$G$2:$G$26)-MIN('Distributor Data'!$G$2:$G$26))*100,50) -> 76.923077 | I17: =IFERROR(('Distributor Data'!H9-MIN('Distributor Data'!$H$2:$H$26))/(MAX('Distributor Data'!$H$2:$H$26)-MIN('Distributor Data'!$H$2:$H$26))*100,50) -> 11.111111 | J17: =IFERROR(('Distributor Data'!I9-MIN('Distributor Data'!$I$2:$I$26))/(MAX('Distributor Data'!$I$2:$I$26)-MIN('Distributor Data'!$I$2:$I$26))*100,50) -> 77.777778 | K17: =IFERROR(('Distributor Data'!J9-MIN('Distributor Data'!$J$2:$J$26))/(MAX('Distributor Data'!$J$2:$J$26)-MIN('Distributor Data'!$J$2:$J$26))*100,50) -> 33.333333 | L17: =IFERROR(('Distributor Data'!K9-MIN('Distributor Data'!$K$2:$K$26))/(MAX('Distributor Data'!$K$2:$K$26)-MIN('Distributor Data'!$K$2:$K$26))*100,50) -> 66.666667 | M17: =IF(AND('Distributor Data'!E9>='Strategy Config'!$B$19,'Distributor Data'!F9>='Strategy Config'!$B$20,'Distributor Data'!I9>='Strategy Config'!$B$21),"PASS","FAIL") -> PASS
A18: =IF(M18="PASS",COUNTIFS($M$10:$M$34,"PASS",$E$10:$E$34,">"&E18)+1,"-") -> - | B18: ='Distributor Data'!B10 -> RajAuto Network | C18: ='Distributor Data'!C10 -> Jaipur | D18: ='Distributor Data'!D10 -> Rajasthan | E18: =IFERROR(F18*'Strategy Config'!$F$8/100+G18*'Strategy Config'!$F$9/100+H18*'Strategy Config'!$F$10/100+I18*'Strategy Config'!$F$11/100+J18*'Strategy Config'!$F$12/100+K18*'Strategy Config'!$F$13/100+L18*'Strategy Config'!$F$14/100,0) -> 30.055741 | F18: =IFERROR(('Distributor Data'!E10-MIN('Distributor Data'!$E$2:$E$26))/(MAX('Distributor Data'!$E$2:$E$26)-MIN('Distributor Data'!$E$2:$E$26))*100,50) -> 21.73913 | G18: =IFERROR(('Distributor Data'!F10-MIN('Distributor Data'!$F$2:$F$26))/(MAX('Distributor Data'!$F$2:$F$26)-MIN('Distributor Data'!$F$2:$F$26))*100,50) -> 25 | H18: =IFERROR(('Distributor Data'!G10-MIN('Distributor Data'!$G$2:$G$26))/(MAX('Distributor Data'!$G$2:$G$26)-MIN('Distributor Data'!$G$2:$G$26))*100,50) -> 23.076923 | I18: =IFERROR(('Distributor Data'!H10-MIN('Distributor Data'!$H$2:$H$26))/(MAX('Distributor Data'!$H$2:$H$26)-MIN('Distributor Data'!$H$2:$H$26))*100,50) -> 66.666667 | J18: =IFERROR(('Distributor Data'!I10-MIN('Distributor Data'!$I$2:$I$26))/(MAX('Distributor Data'!$I$2:$I$26)-MIN('Distributor Data'!$I$2:$I$26))*100,50) -> 22.222222 | K18: =IFERROR(('Distributor Data'!J10-MIN('Distributor Data'!$J$2:$J$26))/(MAX('Distributor Data'!$J$2:$J$26)-MIN('Distributor Data'!$J$2:$J$26))*100,50) -> 25 | L18: =IFERROR(('Distributor Data'!K10-MIN('Distributor Data'!$K$2:$K$26))/(MAX('Distributor Data'!$K$2:$K$26)-MIN('Distributor Data'!$K$2:$K$26))*100,50) -> 25 | M18: =IF(AND('Distributor Data'!E10>='Strategy Config'!$B$19,'Distributor Data'!F10>='Strategy Config'!$B$20,'Distributor Data'!I10>='Strategy Config'!$B$21),"PASS","FAIL") -> FAIL
A19: =IF(M19="PASS",COUNTIFS($M$10:$M$34,"PASS",$E$10:$E$34,">"&E19)+1,"-") -> 8 | B19: ='Distributor Data'!B11 -> North Star Vehicles | C19: ='Distributor Data'!C11 -> Chandigarh | D19: ='Distributor Data'!D11 -> Punjab | E19: =IFERROR(F19*'Strategy Config'!$F$8/100+G19*'Strategy Config'!$F$9/100+H19*'Strategy Config'!$F$10/100+I19*'Strategy Config'!$F$11/100+J19*'Strategy Config'!$F$12/100+K19*'Strategy Config'!$F$13/100+L19*'Strategy Config'!$F$14/100,0) -> 55.108231 | F19: =IFERROR(('Distributor Data'!E11-MIN('Distributor Data'!$E$2:$E$26))/(MAX('Distributor Data'!$E$2:$E$26)-MIN('Distributor Data'!$E$2:$E$26))*100,50) -> 13.043478 | G19: =IFERROR(('Distributor Data'!F11-MIN('Distributor Data'!$F$2:$F$26))/(MAX('Distributor Data'!$F$2:$F$26)-MIN('Distributor Data'!$F$2:$F$26))*100,50) -> 91.666667 | H19: =IFERROR(('Distributor Data'!G11-MIN('Distributor Data'!$G$2:$G$26))/(MAX('Distributor Data'!$G$2:$G$26)-MIN('Distributor Data'!$G$2:$G$26))*100,50) -> 92.307692 | I19: =IFERROR(('Distributor Data'!H11-MIN('Distributor Data'!$H$2:$H$26))/(MAX('Distributor Data'!$H$2:$H$26)-MIN('Distributor Data'!$H$2:$H$26))*100,50) -> 0 | J19: =IFERROR(('Distributor Data'!I11-MIN('Distributor Data'!$I$2:$I$26))/(MAX('Distributor Data'!$I$2:$I$26)-MIN('Distributor Data'!$I$2:$I$26))*100,50) -> 92.592593 | K19: =IFERROR(('Distributor Data'!J11-MIN('Distributor Data'!$J$2:$J$26))/(MAX('Distributor Data'!$J$2:$J$26)-MIN('Distributor Data'!$J$2:$J$26))*100,50) -> 16.666667 | L19: =IFERROR(('Distributor Data'!K11-MIN('Distributor Data'!$K$2:$K$26))/(MAX('Distributor Data'!$K$2:$K$26)-MIN('Distributor Data'!$K$2:$K$26))*100,50) -> 91.666667 | M19: =IF(AND('Distributor Data'!E11>='Strategy Config'!$B$19,'Distributor Data'!F11>='Strategy Config'!$B$20,'Distributor Data'!I11>='Strategy Config'!$B$21),"PASS","FAIL") -> PASS
A20: =IF(M20="PASS",COUNTIFS($M$10:$M$34,"PASS",$E$10:$E$34,">"&E20)+1,"-") -> 13 | B20: ='Distributor Data'!B12 -> Coimbatore Mobility | C20: ='Distributor Data'!C12 -> Coimbatore | D20: ='Distributor Data'!D12 -> Tamil Nadu | E20: =IFERROR(F20*'Strategy Config'!$F$8/100+G20*'Strategy Config'!$F$9/100+H20*'Strategy Config'!$F$10/100+I20*'Strategy Config'!$F$11/100+J20*'Strategy Config'!$F$12/100+K20*'Strategy Config'!$F$13/100+L20*'Strategy Config'!$F$14/100,0) -> 45.238759 | F20: =IFERROR(('Distributor Data'!E12-MIN('Distributor Data'!$E$2:$E$26))/(MAX('Distributor Data'!$E$2:$E$26)-MIN('Distributor Data'!$E$2:$E$26))*100,50) -> 34.782609 | G20: =IFERROR(('Distributor Data'!F12-MIN('Distributor Data'!$F$2:$F$26))/(MAX('Distributor Data'!$F$2:$F$26)-MIN('Distributor Data'!$F$2:$F$26))*100,50) -> 50 | H20: =IFERROR(('Distributor Data'!G12-MIN('Distributor Data'!$G$2:$G$26))/(MAX('Distributor Data'!$G$2:$G$26)-MIN('Distributor Data'!$G$2:$G$26))*100,50) -> 53.846154 | I20: =IFERROR(('Distributor Data'!H12-MIN('Distributor Data'!$H$2:$H$26))/(MAX('Distributor Data'!$H$2:$H$26)-MIN('Distributor Data'!$H$2:$H$26))*100,50) -> 33.333333 | J20: =IFERROR(('Distributor Data'!I12-MIN('Distributor Data'!$I$2:$I$26))/(MAX('Distributor Data'!$I$2:$I$26)-MIN('Distributor Data'!$I$2:$I$26))*100,50) -> 62.962963 | K20: =IFERROR(('Distributor Data'!J12-MIN('Distributor Data'!$J$2:$J$26))/(MAX('Distributor Data'!$J$2:$J$26)-MIN('Distributor Data'!$J$2:$J$26))*100,50) -> 33.333333 | L20: =IFERROR(('Distributor Data'!K12-MIN('Distributor Data'!$K$2:$K$26))/(MAX('Distributor Data'!$K$2:$K$26)-MIN('Distributor Data'!$K$2:$K$26))*100,50) -> 50 | M20: =IF(AND('Distributor Data'!E12>='Strategy Config'!$B$19,'Distributor Data'!F12>='Strategy Config'!$B$20,'Distributor Data'!I12>='Strategy Config'!$B$21),"PASS","FAIL") -> PASS
A21: =IF(M21="PASS",COUNTIFS($M$10:$M$34,"PASS",$E$10:$E$34,">"&E21)+1,"-") -> - | B21: ='Distributor Data'!B13 -> Lucknow Auto Hub | C21: ='Distributor Data'!C13 -> Lucknow | D21: ='Distributor Data'!D13 -> Uttar Pradesh | E21: =IFERROR(F21*'Strategy Config'!$F$8/100+G21*'Strategy Config'!$F$9/100+H21*'Strategy Config'!$F$10/100+I21*'Strategy Config'!$F$11/100+J21*'Strategy Config'!$F$12/100+K21*'Strategy Config'!$F$13/100+L21*'Strategy Config'!$F$14/100,0) -> 24.41518 | F21: =IFERROR(('Distributor Data'!E13-MIN('Distributor Data'!$E$2:$E$26))/(MAX('Distributor Data'!$E$2:$E$26)-MIN('Distributor Data'!$E$2:$E$26))*100,50) -> 26.086957 | G21: =IFERROR(('Distributor Data'!F13-MIN('Distributor Data'!$F$2:$F$26))/(MAX('Distributor Data'!$F$2:$F$26)-MIN('Distributor Data'!$F$2:$F$26))*100,50) -> 16.666667 | H21: =IFERROR(('Distributor Data'!G13-MIN('Distributor Data'!$G$2:$G$26))/(MAX('Distributor Data'!$G$2:$G$26)-MIN('Distributor Data'!$G$2:$G$26))*100,50) -> 15.384615 | I21: =IFERROR(('Distributor Data'!H13-MIN('Distributor Data'!$H$2:$H$26))/(MAX('Distributor Data'!$H$2:$H$26)-MIN('Distributor Data'!$H$2:$H$26))*100,50) -> 55.555556 | J21: =IFERROR(('Distributor Data'!I13-MIN('Distributor Data'!$I$2:$I$26))/(MAX('Distributor Data'!$I$2:$I$26)-MIN('Distributor Data'!$I$2:$I$26))*100,50) -> 12.962963 | K21: =IFERROR(('Distributor Data'!J13-MIN('Distributor Data'!$J$2:$J$26))/(MAX('Distributor Data'!$J$2:$J$26)-MIN('Distributor Data'!$J$2:$J$26))*100,50) -> 25 | L21: =IFERROR(('Distributor Data'!K13-MIN('Distributor Data'!$K$2:$K$26))/(MAX('Distributor Data'!$K$2:$K$26)-MIN('Distributor Data'!$K$2:$K$26))*100,50) -> 16.666667 | M21: =IF(AND('Distributor Data'!E13>='Strategy Config'!$B$19,'Distributor Data'!F13>='Strategy Config'!$B$20,'Distributor Data'!I13>='Strategy Config'!$B$21),"PASS","FAIL") -> FAIL
... A34: =IF(M34="PASS",COUNTIFS($M$10:$M$34,"PASS",$E$10:$E$34,">"&E34)+1,"-") -> 11 | B34: ='Distributor Data'!B26 -> Thiruvananthapuram Auto | C34: ='Distributor Data'!C26 -> Thiruvananthapuram | D34: ='Distributor Data'!D26 -> Kerala | E34: =IFERROR(F34*'Strategy Config'!$F$8/100+G34*'Strategy Config'!$F$9/100+H34*'Strategy Config'!$F$10/100+I34*'Strategy Config'!$F$11/100+J34*'Strategy Config'!$F$12/100+K34*'Strategy Config'!$F$13/100+L34*'Strategy Config'!$F$14/100,0) -> 48.557785 | F34: =IFERROR(('Distributor Data'!E26-MIN('Distributor Data'!$E$2:$E$26))/(MAX('Distributor Data'!$E$2:$E$26)-MIN('Distributor Data'!$E$2:$E$26))*100,50) -> 20.869565 | G34: =IFERROR(('Distributor Data'!F26-MIN('Distributor Data'!$F$2:$F$26))/(MAX('Distributor Data'!$F$2:$F$26)-MIN('Distributor Data'!$F$2:$F$26))*100,50) -> 66.666667 | H34: =IFERROR(('Distributor Data'!G26-MIN('Distributor Data'!$G$2:$G$26))/(MAX('Distributor Data'!$G$2:$G$26)-MIN('Distributor Data'!$G$2:$G$26))*100,50) -> 76.923077 | I34: =IFERROR(('Distributor Data'!H26-MIN('Distributor Data'!$H$2:$H$26))/(MAX('Distributor Data'!$H$2:$H$26)-MIN('Distributor Data'!$H$2:$H$26))*100,50) -> 22.222222 | J34: =IFERROR(('Distributor Data'!I26-MIN('Distributor Data'!$I$2:$I$26))/(MAX('Distributor Data'!$I$2:$I$26)-MIN('Distributor Data'!$I$2:$I$26))*100,50) -> 75.925926 | K34: =IFERROR(('Distributor Data'!J26-MIN('Distributor Data'!$J$2:$J$26))/(MAX('Distributor Data'!$J$2:$J$26)-MIN('Distributor Data'!$J$2:$J$26))*100,50) -> 16.666667 | L34: =IFERROR(('Distributor Data'!K26-MIN('Distributor Data'!$K$2:$K$26))/(MAX('Distributor Data'!$K$2:$K$26)-MIN('Distributor Data'!$K$2:$K$26))*100,50) -> 66.666667 | M34: =IF(AND('Distributor Data'!E26>='Strategy Config'!$B$19,'Distributor Data'!F26>='Strategy Config'!$B$20,'Distributor Data'!I26>='Strategy Config'!$B$21),"PASS","FAIL") -> PASS
A36: TOP 10 RANKED DISTRIBUTORS
A37: # | B37: Distributor Name | C37: Composite Score (0-100)
A38: 1 | B38: =IFERROR(INDEX($B$10:$B$34,MATCH(1,$A$10:$A$34,0)),"—") -> Green Mobility Hub | C38: =IFERROR(INDEX($E$10:$E$34,MATCH(1,$A$10:$A$34,0)),0) -> 69.546172
A39: 2 | B39: =IFERROR(INDEX($B$10:$B$34,MATCH(2,$A$10:$A$34,0)),"—") -> TechDrive Motors | C39: =IFERROR(INDEX($E$10:$E$34,MATCH(2,$A$10:$A$34,0)),0) -> 69.380342
A40: 3 | B40: =IFERROR(INDEX($B$10:$B$34,MATCH(3,$A$10:$A$34,0)),"—") -> AutoEdge Solutions | C40: =IFERROR(INDEX($E$10:$E$34,MATCH(3,$A$10:$A$34,0)),0) -> 67.774991
A41: 4 | B41: =IFERROR(INDEX($B$10:$B$34,MATCH(4,$A$10:$A$34,0)),"—") -> Pioneer EV Hub | C41: =IFERROR(INDEX($E$10:$E$34,MATCH(4,$A$10:$A$34,0)),0) -> 63.064381
A42: 5 | B42: =IFERROR(INDEX($B$10:$B$34,MATCH(5,$A$10:$A$34,0)),"—") -> Kochi Green Motors | C42: =IFERROR(INDEX($E$10:$E$34,MATCH(5,$A$10:$A$34,0)),0) -> 60.554348
A43: 6 | B43: =IFERROR(INDEX($B$10:$B$34,MATCH(6,$A$10:$A$34,0)),"—") -> EcoWheels India | C43: =IFERROR(INDEX($E$10:$E$34,MATCH(6,$A$10:$A$34,0)),0) -> 58.893069
A44: 7 | B44: =IFERROR(INDEX($B$10:$B$34,MATCH(7,$A$10:$A$34,0)),"—") -> Surat EV Solutions | C44: =IFERROR(INDEX($E$10:$E$34,MATCH(7,$A$10:$A$34,0)),0) -> 55.778335
A45: 8 | B45: =IFERROR(INDEX($B$10:$B$34,MATCH(8,$A$10:$A$34,0)),"—") -> North Star Vehicles | C45: =IFERROR(INDEX($E$10:$E$34,MATCH(8,$A$10:$A$34,0)),0) -> 55.108231
A46: 9 | B46: =IFERROR(INDEX($B$10:$B$34,MATCH(9,$A$10:$A$34,0)),"—") -> Velocity Distributors | C46: =IFERROR(INDEX($E$10:$E$34,MATCH(9,$A$10:$A$34,0)),0) -> 54.043571
A47: 10 | B47: =IFERROR(INDEX($B$10:$B$34,MATCH(10,$A$10:$A$34,0)),"—") -> NextGen Motors | C47: =IFERROR(INDEX($E$10:$E$34,MATCH(10,$A$10:$A$34,0)),0) -> 51.103679
